<?xml version="1.1" encoding="UTF-8" standalone="yes"?>
<theme version="1.1">
    <description>blue and grenn by lucas</description>
    <font>
	    <file>Whitney-Book.ttf</file>
	    <size>14</size>
	    <color><red>255</red><green>255</green><blue>255</blue><alpha>255</alpha></color>
    </font>
    <font target="button">
	    <file>Whitney-Bold.ttf</file>
		<color><red>255</red><green>255</green><blue>255</blue><alpha>255</alpha></color>
    </font>
	<font target="button_desel">
	    <file>Whitney-Bold.ttf</file>
		<color><red>255</red><green>255</green><blue>255</blue><alpha>128</alpha></color>
    </font>
    <font target="dlgtitle">
	    <file>Whitney-Bold.ttf</file>
	    <size>20</size>
    </font>
    <font target="appname">
	    <size>18</size>
    </font>
	<font target="appdesc">
	    <size>14</size>
	    <color><red>255</red><green>255</green><blue>255</blue><alpha>179</alpha></color>
    </font>
    <font_color>
        <red>255</red>
        <green>255</green>
        <blue>255</blue>
        <alpha>222</alpha>
    </font_color>
    <progress_gradient>
        <upper_left>
            <red>255</red>
            <green>255</green>
            <blue>255</blue>
            <alpha>255</alpha>
        </upper_left>
        <upper_right>
            <red>255</red>
            <green>255</green>
            <blue>255</blue>
            <alpha>255</alpha>
        </upper_right>
        <lower_left>
            <red>255</red>
            <green>255</green>
            <blue>255</blue>
            <alpha>255</alpha>
        </lower_left>
        <lower_right>
            <red>255</red>
            <green>255</green>
            <blue>255</blue>
            <alpha>255</alpha>
        </lower_right>
    </progress_gradient>
</theme>

